ein,name,city,state,country,organization type,strein,guidestar_url,asset_amount,income_amount,revenue_amount
134367895,VFW Auxiliary to Bridgeport Memorial Post 8440,Bridgeport,NY,United States,EO,13-4367895,https://www.guidestar.org/profile/13-4367895,0.0,0.0,0.0
591758962,Harlowe Volunteer Fire Dept of Craven & Carteret Counties Nc,Havelock,NC,United States,EO,59-1758962,https://www.guidestar.org/profile/59-1758962,1427925.0,409920.0,409920.0
842523945,Cobblestone Cemetery Association Inc.,Walworth,WI,United States,EO,84-2523945,https://www.guidestar.org/profile/84-2523945,0.0,0.0,0.0
752444146,Lake Brownwood Volunteer Fire Department Inc.,Brownwood,TX,United States,EO,75-2444146,https://www.guidestar.org/profile/75-2444146,82650.0,61292.0,61292.0
311189877,Fairview Cemetery Association,Woodsfield,OH,United States,EO,31-1189877,https://www.guidestar.org/profile/31-1189877,0.0,0.0,0.0
463525772,American Legion Auxiliary Unit 332 of Social Circle Inc.,Social Circle,GA,United States,EO,46-3525772,https://www.guidestar.org/profile/46-3525772,0.0,0.0,0.0
822027383,Suffolk Firefighters Emerald Society Inc.,Hauppauge,NY,United States,"EO,LODGE",82-2027383,https://www.guidestar.org/profile/82-2027383,8951.0,40297.0,40297.0
813507453,Nspire Outreach Ministries Inc.,Lawrenceville,GA,United States,GROUP,81-3507453,https://www.guidestar.org/profile/81-3507453,,,
461627552,Southwest Homeless Coalition,Dickinson,ND,United States,PC,46-1627552,https://www.guidestar.org/profile/46-1627552,0.0,0.0,0.0
760406936,Texas Teo-Chew Temple,Houston,TX,United States,PC,76-0406936,https://www.guidestar.org/profile/76-0406936,2966191.0,479647.0,576899.0
846002376,Evergreen Conference,Lakewood,CO,United States,PC,84-6002376,https://www.guidestar.org/profile/84-6002376,0.0,0.0,0.0
770412451,Jesuit Institute for Family Life,Los Altos,CA,United States,PC,77-0412451,https://www.guidestar.org/profile/77-0412451,114389.0,90229.0,90229.0
237030166,Mission American Youth,Cedar Hill,TX,United States,PC,23-7030166,https://www.guidestar.org/profile/23-7030166,0.0,0.0,0.0
260706532,Allen East Community Center Inc.,Harrod,OH,United States,PC,26-0706532,https://www.guidestar.org/profile/26-0706532,9588.0,90407.0,64766.0
910567261,Wellspring Family Services,Seattle,WA,United States,PC,91-0567261,https://www.guidestar.org/profile/91-0567261,14275609.0,12124048.0,12019882.0
832764895,East Ky Baseball Club Co,Clay City,KY,United States,PC,83-2764895,https://www.guidestar.org/profile/83-2764895,,,
834678597,Purpose Inc.,Wheeling,WV,United States,PC,83-4678597,https://www.guidestar.org/profile/83-4678597,0.0,0.0,0.0
463485071,New Way of Life Inc.,Pawtucket,RI,United States,PC,46-3485071,https://www.guidestar.org/profile/46-3485071,0.0,0.0,0.0
30342411,Vermont Stage Company Inc.,Burlington,VT,United States,PC,03-0342411,https://www.guidestar.org/profile/03-0342411,211436.0,522733.0,521150.0
464994027,Rusty S Angels Sanctuary,New River,AZ,United States,PC,46-4994027,https://www.guidestar.org/profile/46-4994027,329871.0,392466.0,392466.0
133979889,American Friends of Kollel Ohr Yosef,Brooklyn,NY,United States,PC,13-3979889,https://www.guidestar.org/profile/13-3979889,711620.0,26577.0,26577.0
112974460,Woodbury Jewish Center,Woodbury,NY,United States,PC,11-2974460,https://www.guidestar.org/profile/11-2974460,,,
910828618,Possca Incorporated,Tumwater,WA,United States,PC,91-0828618,https://www.guidestar.org/profile/91-0828618,0.0,0.0,0.0
131656610,American Physical Society,College Park,MD,United States,PC,13-1656610,https://www.guidestar.org/profile/13-1656610,214341835.0,84001884.0,66847137.0
133688840,Housing 2000 Housing Development Fund Corp,New York,NY,United States,PC,13-3688840,https://www.guidestar.org/profile/13-3688840,4763048.0,1569935.0,1569935.0
50541322,Salt Lake Chinese Choir,W Valley City,UT,United States,PC,05-0541322,https://www.guidestar.org/profile/05-0541322,0.0,0.0,0.0
363981605,Devry Educational Fund,Naperville,IL,United States,PC,36-3981605,https://www.guidestar.org/profile/36-3981605,0.0,0.0,0.0
460658752,Film Advocacy Inc.,Jupiter,FL,United States,PC,46-0658752,https://www.guidestar.org/profile/46-0658752,0.0,0.0,0.0
470611457,Lincoln Lutheran Choir,Lincoln,NE,United States,PC,47-0611457,https://www.guidestar.org/profile/47-0611457,0.0,0.0,0.0
562003552,Creative Learning Center of North Carolina Inc.,Southern Pnes,NC,United States,PC,56-2003552,https://www.guidestar.org/profile/56-2003552,,,
20559022,City of Faith Ministries,Romulus,MI,United States,PC,02-0559022,https://www.guidestar.org/profile/02-0559022,0.0,0.0,0.0
331025742,Ths Cheerleaders Booster Club,Temple,TX,United States,PC,33-1025742,https://www.guidestar.org/profile/33-1025742,0.0,0.0,0.0
363699671,Falls City Mini Park Inc.,Falls City,NE,United States,PC,36-3699671,https://www.guidestar.org/profile/36-3699671,0.0,0.0,0.0
825332904,Etowah Christmas for Kids,Etowah,TN,United States,PC,82-5332904,https://www.guidestar.org/profile/82-5332904,0.0,0.0,0.0
363088628,Erie Family Health Center Inc.,Chicago,IL,United States,PC,36-3088628,https://www.guidestar.org/profile/36-3088628,0.0,0.0,0.0
237209115,Community Career Development Inc.,Los Angeles,CA,United States,PC,23-7209115,https://www.guidestar.org/profile/23-7209115,0.0,0.0,0.0
831728929,Ablevet Inc.,Palm Coast,FL,United States,PC,83-1728929,https://www.guidestar.org/profile/83-1728929,0.0,0.0,0.0
952513764,Western Little League of Tustin Inc.,Tustin,CA,United States,PC,95-2513764,https://www.guidestar.org/profile/95-2513764,0.0,0.0,0.0
134064641,Archaeos Inc.,New York,NY,United States,PC,13-4064641,https://www.guidestar.org/profile/13-4064641,0.0,0.0,0.0
364059788,The Second Chance Adoption Organization,Elk Grove Vlg,IL,United States,PC,36-4059788,https://www.guidestar.org/profile/36-4059788,0.0,0.0,0.0
954189855,Pacific Coast Chapter of Northern Caribbean University Alumni Associ,Beaumont,CA,United States,PC,95-4189855,https://www.guidestar.org/profile/95-4189855,0.0,0.0,0.0
943217623,Free Willy Keiko Foundation Inc.,Berkeley,CA,United States,PC,94-3217623,https://www.guidestar.org/profile/94-3217623,0.0,0.0,0.0
814150129,United Photo Industries Inc.,Brooklyn,NY,United States,PC,81-4150129,https://www.guidestar.org/profile/81-4150129,0.0,0.0,0.0
460792829,Mason Classical Academy Inc.,Naples,FL,United States,PC,46-0792829,https://www.guidestar.org/profile/46-0792829,0.0,0.0,0.0
237236646,The Church in Atlanta Inc.,Atlanta,GA,United States,PC,23-7236646,https://www.guidestar.org/profile/23-7236646,0.0,0.0,0.0
463683170,Northern California Community College Track and Cross Country Co,San Mateo,CA,United States,PC,46-3683170,https://www.guidestar.org/profile/46-3683170,0.0,0.0,0.0
371387656,Veterans Memorial of Jefferson County,Mount Vernon,IL,United States,PC,37-1387656,https://www.guidestar.org/profile/37-1387656,0.0,0.0,0.0
812841030,Educational Labs Inc.,Lk Barrington,IL,United States,PC,81-2841030,https://www.guidestar.org/profile/81-2841030,0.0,0.0,0.0
330283177,Redlands Experimental Aircraft Association Chapter 845,Redlands,CA,United States,PC,33-0283177,https://www.guidestar.org/profile/33-0283177,0.0,0.0,0.0
46079721,Wellesley Conservation Land Trust Inc.,Wellesley Hls,MA,United States,PC,04-6079721,https://www.guidestar.org/profile/04-6079721,0.0,0.0,0.0
813693539,Overcoming Church,Brooklyn,NY,United States,PC,81-3693539,https://www.guidestar.org/profile/81-3693539,0.0,0.0,0.0
474115431,Fc Dynamo Roc Inc.,Webster,NY,United States,PC,47-4115431,https://www.guidestar.org/profile/47-4115431,0.0,0.0,0.0
813916152,Miami Beach Gay Pride,Miami Beach,FL,United States,PC,81-3916152,https://www.guidestar.org/profile/81-3916152,0.0,0.0,0.0
382140032,The Frankenmuth Community Foundation Inc.,Frankenmuth,MI,United States,PC,38-2140032,https://www.guidestar.org/profile/38-2140032,0.0,0.0,0.0
841185364,Urban Wildlife Rescue,Aurora,CO,United States,PC,84-1185364,https://www.guidestar.org/profile/84-1185364,0.0,0.0,0.0
464910703,Chance Fashion,Seattle,WA,United States,PC,46-4910703,https://www.guidestar.org/profile/46-4910703,0.0,0.0,0.0
311097568,National Executive Housekeepers Association Educational Foundation,Westerville,OH,United States,PC,31-1097568,https://www.guidestar.org/profile/31-1097568,0.0,0.0,0.0
452464488,Sag Harbor Booster Foundation Inc.,Sag Harbor,NY,United States,PC,45-2464488,https://www.guidestar.org/profile/45-2464488,0.0,0.0,0.0
237221570,Arc of Central Virginia,Lynchburg,VA,United States,PC,23-7221570,https://www.guidestar.org/profile/23-7221570,0.0,0.0,0.0
474645474,Lbi Theatre Inc.,Long Bch Twp,NJ,United States,PC,47-4645474,https://www.guidestar.org/profile/47-4645474,0.0,0.0,0.0
953745019,Greater Circle Mission Inc.,Los Angeles,CA,United States,PC,95-3745019,https://www.guidestar.org/profile/95-3745019,0.0,0.0,0.0
821358223,Condors Basketball,Tamarac,FL,United States,PC,82-1358223,https://www.guidestar.org/profile/82-1358223,0.0,0.0,0.0
813219541,Innovate Create Expose Inc.,Atlanta,GA,United States,PC,81-3219541,https://www.guidestar.org/profile/81-3219541,0.0,0.0,0.0
841418525,Front Range Equine Rescue,Ocala,FL,United States,PC,84-1418525,https://www.guidestar.org/profile/84-1418525,0.0,0.0,0.0
264170784,Ca Media Foundation,Arcadia,CA,United States,PC,26-4170784,https://www.guidestar.org/profile/26-4170784,0.0,0.0,0.0
270829039,Club Destiny Inc.,Windsor,CT,United States,PC,27-0829039,https://www.guidestar.org/profile/27-0829039,0.0,0.0,0.0
20523308,Blue Ocean Society for Marine Conservation Inc.,Portsmouth,NH,United States,PC,02-0523308,https://www.guidestar.org/profile/02-0523308,0.0,0.0,0.0
521871838,Kings and Priests Academy,Silver Spring,MD,United States,PC,52-1871838,https://www.guidestar.org/profile/52-1871838,0.0,0.0,0.0
261162770,Yadkin Soccer Association,Boonville,NC,United States,PC,26-1162770,https://www.guidestar.org/profile/26-1162770,0.0,0.0,0.0
821815157,Southwest Idaho Natural Beekeepers Club,Boise,ID,United States,PC,82-1815157,https://www.guidestar.org/profile/82-1815157,0.0,0.0,0.0
800623255,Anchor Church,Encinitas,CA,United States,PC,80-0623255,https://www.guidestar.org/profile/80-0623255,0.0,0.0,0.0
822569994,Gracious Youth Inc.,Port Orange,FL,United States,PC,82-2569994,https://www.guidestar.org/profile/82-2569994,0.0,0.0,0.0
273091383,Andishgah Organization,Beverly Hills,CA,United States,PC,27-3091383,https://www.guidestar.org/profile/27-3091383,0.0,0.0,0.0
200764127,Developing Communties Incorporated,Saint Helena,CA,United States,PC,20-0764127,https://www.guidestar.org/profile/20-0764127,0.0,0.0,0.0
454404297,Avanti Therapeutic Projects,Hudson,WI,United States,PC,45-4404297,https://www.guidestar.org/profile/45-4404297,0.0,0.0,0.0
822248522,Morristown Friday Night Alcoholics Anonymous Group,Lake Hiawatha,NJ,United States,PC,82-2248522,https://www.guidestar.org/profile/82-2248522,0.0,0.0,0.0
411673288,Waytonka Club Inc.,Wayzata,MN,United States,PC,41-1673288,https://www.guidestar.org/profile/41-1673288,0.0,0.0,0.0
942924358,Haight Ashbury Psychological Services,San Francisco,CA,United States,PC,94-2924358,https://www.guidestar.org/profile/94-2924358,0.0,0.0,0.0
833076805,Copilot Animal Rescue,Gainesville,TX,United States,PC,83-3076805,https://www.guidestar.org/profile/83-3076805,0.0,0.0,0.0
814717320,Community Activist of Marshallville Inc.,Marshallville,GA,United States,PC,81-4717320,https://www.guidestar.org/profile/81-4717320,0.0,0.0,0.0
330626296,Trailseekers of Moreno Valley,Moreno Valley,CA,United States,PC,33-0626296,https://www.guidestar.org/profile/33-0626296,0.0,0.0,0.0
463366921,Catty Shack Cat Rescue,Geneva,OH,United States,PC,46-3366921,https://www.guidestar.org/profile/46-3366921,0.0,0.0,0.0
830791901,Best U 4 Life,Vista,CA,United States,PC,83-0791901,https://www.guidestar.org/profile/83-0791901,0.0,0.0,0.0
450479126,Breaking Chains Outreach Center,Gaston,SC,United States,PC,45-0479126,https://www.guidestar.org/profile/45-0479126,0.0,0.0,0.0
262929028,Church of God and Universal Truth,Miami Gardens,FL,United States,PC,26-2929028,https://www.guidestar.org/profile/26-2929028,0.0,0.0,0.0
471889807,Heroes Betterment Incorporated,Lancaster,CA,United States,PC,47-1889807,https://www.guidestar.org/profile/47-1889807,0.0,0.0,0.0
473553715,Liberatus,Alexandria,VA,United States,PC,47-3553715,https://www.guidestar.org/profile/47-3553715,0.0,0.0,0.0
161712864,Jamestown Area School District Foundation,Jamestown,PA,United States,PC,16-1712864,https://www.guidestar.org/profile/16-1712864,0.0,0.0,0.0
821927700,Insight Meditation Fort Wayne Inc.,Fort Wayne,IN,United States,PC,82-1927700,https://www.guidestar.org/profile/82-1927700,0.0,0.0,0.0
204920364,N Time Spiritual Church,Forrest City,AR,United States,PC,20-4920364,https://www.guidestar.org/profile/20-4920364,0.0,0.0,0.0
136204790,"Aspira of New York,inc",New York,NY,United States,PC,13-6204790,https://www.guidestar.org/profile/13-6204790,0.0,0.0,0.0
362804806,Arc of Winnebago Boone and Ogle Counties,Rockford,IL,United States,PC,36-2804806,https://www.guidestar.org/profile/36-2804806,0.0,0.0,0.0
201601361,Whitehall Elementary School Pto Inc.,Williamstown,NJ,United States,PC,20-1601361,https://www.guidestar.org/profile/20-1601361,0.0,0.0,0.0
463934554,Combatant Craft Crewman Association Inc.,El Cajon,CA,United States,PC,46-3934554,https://www.guidestar.org/profile/46-3934554,0.0,0.0,0.0
431210306,Agape House,Jefferson Cty,MO,United States,PC,43-1210306,https://www.guidestar.org/profile/43-1210306,0.0,0.0,0.0
582425381,Artsnow Inc.,Atlanta,GA,United States,PC,58-2425381,https://www.guidestar.org/profile/58-2425381,0.0,0.0,0.0
10860173,Joint Veterans Council of Cuyahoga County,Cleveland,OH,United States,PC,01-0860173,https://www.guidestar.org/profile/01-0860173,0.0,0.0,0.0
953367393,Hesperia Art Club Inc.,Hesperia,CA,United States,PC,95-3367393,https://www.guidestar.org/profile/95-3367393,0.0,0.0,0.0
812750977,Neai Danyell Dix Great Start Foundation Inc.,Wilmington,DE,United States,PC,81-2750977,https://www.guidestar.org/profile/81-2750977,0.0,0.0,0.0
611658443,Friends of Yellowstone Lake State Park Inc.,Blanchardvlle,WI,United States,PC,61-1658443,https://www.guidestar.org/profile/61-1658443,0.0,0.0,0.0
273633063,My Scar is Sexy Inc.,Shelby Twp,MI,United States,PC,27-3633063,https://www.guidestar.org/profile/27-3633063,0.0,0.0,0.0
208444318,Cabre Safe Haven Inc.,Opa Locka,FL,United States,PC,20-8444318,https://www.guidestar.org/profile/20-8444318,0.0,0.0,0.0
352411778,Childrens Holiday Magic Project Inc.,San Diego,CA,United States,PC,35-2411778,https://www.guidestar.org/profile/35-2411778,0.0,0.0,0.0
824177907,Elyon Support Servces,San Diego,CA,United States,PC,82-4177907,https://www.guidestar.org/profile/82-4177907,0.0,0.0,0.0
270848264,World Wild Animals Inc.,Norwalk,CA,United States,PC,27-0848264,https://www.guidestar.org/profile/27-0848264,0.0,0.0,0.0
941684694,USA Water Ski Foundation Inc.,Winter Haven,FL,United States,PC,94-1684694,https://www.guidestar.org/profile/94-1684694,0.0,0.0,0.0
202791335,Igreja Do Avivamento Mundial Em Danbury Inc.,Danbury,CT,United States,PC,20-2791335,https://www.guidestar.org/profile/20-2791335,0.0,0.0,0.0
274536105,Freedom House Transitional Programs,Lafayette,LA,United States,PC,27-4536105,https://www.guidestar.org/profile/27-4536105,0.0,0.0,0.0
954893358,Guyanese Nurses Associations of America Inc.,Brooklyn,NY,United States,PC,95-4893358,https://www.guidestar.org/profile/95-4893358,0.0,0.0,0.0
237345511,Cambrian Park Little League of San Jose California,San Jose,CA,United States,PC,23-7345511,https://www.guidestar.org/profile/23-7345511,0.0,0.0,0.0
30550508,Hazy Institution of Learning,Oak Park,MI,United States,PC,03-0550508,https://www.guidestar.org/profile/03-0550508,0.0,0.0,0.0
270910664,Vindonah Horse Shelter,Beaver Dams,NY,United States,PC,27-0910664,https://www.guidestar.org/profile/27-0910664,0.0,0.0,0.0
462268732,Mobile Hope,Corcoran,MN,United States,PC,46-2268732,https://www.guidestar.org/profile/46-2268732,0.0,0.0,0.0
822367837,Reality U Nj,Dayton,NJ,United States,PC,82-2367837,https://www.guidestar.org/profile/82-2367837,0.0,0.0,0.0
851358712,Vita Nova Agency,Goleta,CA,United States,PC,85-1358712,https://www.guidestar.org/profile/85-1358712,0.0,0.0,0.0
800076928,Companions of France Inc.,New York,NY,United States,PC,80-0076928,https://www.guidestar.org/profile/80-0076928,0.0,0.0,0.0
141369329,Woodstock Artists Association Inc.,Woodstock,NY,United States,PC,14-1369329,https://www.guidestar.org/profile/14-1369329,0.0,0.0,0.0
562005832,Wake Canine Search and Rescue Inc.,Raleigh,NC,United States,PC,56-2005832,https://www.guidestar.org/profile/56-2005832,0.0,0.0,0.0
475575994,Facing Project Gives Inc.,Muncie,IN,United States,PC,47-5575994,https://www.guidestar.org/profile/47-5575994,0.0,0.0,0.0
814729185,Remos Rescue,Carthage,MS,United States,PC,81-4729185,https://www.guidestar.org/profile/81-4729185,0.0,0.0,0.0
561567586,Camp Cherith in the Carolinas Inc.,Harvest,AL,United States,PC,56-1567586,https://www.guidestar.org/profile/56-1567586,0.0,0.0,0.0
462583466,Wags Across Texas Charity,San Antonio,TX,United States,PC,46-2583466,https://www.guidestar.org/profile/46-2583466,0.0,0.0,0.0
381646646,Coldwater Pre-School Nursery Inc.,Coldwater,MI,United States,PC,38-1646646,https://www.guidestar.org/profile/38-1646646,0.0,0.0,0.0
383807057,Fetch Foundation Inc.,Scottsdale,AZ,United States,PC,38-3807057,https://www.guidestar.org/profile/38-3807057,0.0,0.0,0.0
270054108,Hanamana Healing Center,Kapaa,HI,United States,PC,27-0054108,https://www.guidestar.org/profile/27-0054108,0.0,0.0,0.0
461057428,Golden Isles Leadership Foundation Inc.,Brunswick,GA,United States,PC,46-1057428,https://www.guidestar.org/profile/46-1057428,0.0,0.0,0.0
840561224,Midwestern Colorado Mental Health Center Inc.,Montrose,CO,United States,PC,84-0561224,https://www.guidestar.org/profile/84-0561224,0.0,0.0,0.0
830461664,Ocala Soap Box Derby Inc.,Ocala,FL,United States,PC,83-0461664,https://www.guidestar.org/profile/83-0461664,0.0,0.0,0.0
834527374,Arizona Orthopedic and Sports Medicine Research and Education Fo,Phoenix,AZ,United States,PC,83-4527374,https://www.guidestar.org/profile/83-4527374,0.0,0.0,0.0
800798720,Alaska Herpetological Society,Eagle River,AK,United States,PC,80-0798720,https://www.guidestar.org/profile/80-0798720,0.0,0.0,0.0
810959505,American Legion Riders of Helderberg Post 977 Altamont Ny,Altamont,NY,United States,PC,81-0959505,https://www.guidestar.org/profile/81-0959505,0.0,0.0,0.0
844226696,Friends of Whim Music Community Charter School Inc.,New York,NY,United States,PC,84-4226696,https://www.guidestar.org/profile/84-4226696,0.0,0.0,0.0
541635676,Gloucester Housing Partnership,Gloucester,VA,United States,PC,54-1635676,https://www.guidestar.org/profile/54-1635676,0.0,0.0,0.0
272651854,Berlin Volunteer Fire Company Inc.,Berlin,NY,United States,PC,27-2651854,https://www.guidestar.org/profile/27-2651854,0.0,0.0,0.0
813816540,Tarpon Springs Community Gardens Inc.,Tarpon Spgs,FL,United States,PC,81-3816540,https://www.guidestar.org/profile/81-3816540,0.0,0.0,0.0
237029864,Saramana Bible Center Inc.,Sarasota,FL,United States,PC,23-7029864,https://www.guidestar.org/profile/23-7029864,0.0,0.0,0.0
834320586,Living Hope Foundation Inc.,Spring,TX,United States,PC,83-4320586,https://www.guidestar.org/profile/83-4320586,0.0,0.0,0.0
571028954,McGill Institute,Piedmont,SC,United States,PC,57-1028954,https://www.guidestar.org/profile/57-1028954,0.0,0.0,0.0
466548416,The Giorgio Foundation,Duncansville,PA,United States,PC,46-6548416,https://www.guidestar.org/profile/46-6548416,0.0,0.0,0.0
261789005,Opera Illinois League,Peoria,IL,United States,PC,26-1789005,https://www.guidestar.org/profile/26-1789005,0.0,0.0,0.0
910786790,Northwest Center,Seattle,WA,United States,PC,91-0786790,https://www.guidestar.org/profile/91-0786790,0.0,0.0,0.0
510212006,Madranite Circles Church,Oshkosh,WI,United States,PC,51-0212006,https://www.guidestar.org/profile/51-0212006,0.0,0.0,0.0
833408272,Grandma Speak Inc.,Decatur,GA,United States,PC,83-3408272,https://www.guidestar.org/profile/83-3408272,0.0,0.0,0.0
472116734,Advancing Health After Hysterectomy Foundation,Woodbridge,CT,United States,PC,47-2116734,https://www.guidestar.org/profile/47-2116734,0.0,0.0,0.0
832722465,California Welcome Initiative,Santa Ynez,CA,United States,PC,83-2722465,https://www.guidestar.org/profile/83-2722465,0.0,0.0,0.0
208264035,Bethsaida Senior Living Inc.,Garden Grove,CA,United States,PC,20-8264035,https://www.guidestar.org/profile/20-8264035,0.0,0.0,0.0
834139440,Music for All,Sacramento,CA,United States,PC,83-4139440,https://www.guidestar.org/profile/83-4139440,0.0,0.0,0.0
261481992,Templo Internacional De Restauracion,Levittown,PA,United States,PC,26-1481992,https://www.guidestar.org/profile/26-1481992,0.0,0.0,0.0
261119980,African-American Repertory Theater,Dallas,TX,United States,PC,26-1119980,https://www.guidestar.org/profile/26-1119980,0.0,0.0,0.0
205987163,Cedar Oaks Equine Rescue,Casa Grande,AZ,United States,PC,20-5987163,https://www.guidestar.org/profile/20-5987163,0.0,0.0,0.0
942357011,Apostolic Mininstries Inc.,Carmel,CA,United States,PC,94-2357011,https://www.guidestar.org/profile/94-2357011,0.0,0.0,0.0
271280343,Sterny Way Foundation,Libertyville,IL,United States,PC,27-1280343,https://www.guidestar.org/profile/27-1280343,0.0,0.0,0.0
383317616,International Society of Travel & Tourism Educators,St. Clr Shores,MI,United States,PC,38-3317616,https://www.guidestar.org/profile/38-3317616,0.0,0.0,0.0
843572608,Supporting Area Families Everyday,Canton,PA,United States,PC,84-3572608,https://www.guidestar.org/profile/84-3572608,0.0,0.0,0.0
203560363,Alliance for Career and Education Inc.,Catonsville,MD,United States,PC,20-3560363,https://www.guidestar.org/profile/20-3560363,0.0,0.0,0.0
112771057,Culinary Historians of New York,New York,NY,United States,PC,11-2771057,https://www.guidestar.org/profile/11-2771057,0.0,0.0,0.0
371498582,Waste-Not-Want-Not Inc.,New York,NY,United States,PC,37-1498582,https://www.guidestar.org/profile/37-1498582,0.0,0.0,0.0
471211175,Athletes Against Bullying A Nj Nonprofit Corporation,Toms River,NJ,United States,PC,47-1211175,https://www.guidestar.org/profile/47-1211175,0.0,0.0,0.0
813460116,Harbor Lites Seniors,Wilmington,CA,United States,PC,81-3460116,https://www.guidestar.org/profile/81-3460116,0.0,0.0,0.0
473211215,Saira Hospitality Inc.,Brooklyn,NY,United States,PC,47-3211215,https://www.guidestar.org/profile/47-3211215,0.0,0.0,0.0
851289575,Wolf Pack Lp Athletics,Walker,LA,United States,PC,85-1289575,https://www.guidestar.org/profile/85-1289575,0.0,0.0,0.0
815284675,Lavender Haven,Kelso,WA,United States,PC,81-5284675,https://www.guidestar.org/profile/81-5284675,0.0,0.0,0.0
473993652,Gems of Madagascar,Mead,CO,United States,PC,47-3993652,https://www.guidestar.org/profile/47-3993652,0.0,0.0,0.0
833051593,Louis Shing Foundation Inc.,Brooklyn,NY,United States,PC,83-3051593,https://www.guidestar.org/profile/83-3051593,0.0,0.0,0.0
474844902,Black Burdell Incorporated,Atlanta,GA,United States,PC,47-4844902,https://www.guidestar.org/profile/47-4844902,0.0,0.0,0.0
770702875,Moberly Greyhound Booster Club Inc.,Moberly,MO,United States,PC,77-0702875,https://www.guidestar.org/profile/77-0702875,0.0,0.0,0.0
450552018,Kentucky American Indian Resource & Community Center Inc.,Louisville,KY,United States,PC,45-0552018,https://www.guidestar.org/profile/45-0552018,0.0,0.0,0.0
832045043,Praxis Church Inc.,Cary,NC,United States,PC,83-2045043,https://www.guidestar.org/profile/83-2045043,0.0,0.0,0.0
474696006,Koenigs Conservation Association,Sheboygan Fls,WI,United States,PC,47-4696006,https://www.guidestar.org/profile/47-4696006,0.0,0.0,0.0
844137953,Omega Community Development Corporation,Lincoln Park,MI,United States,PC,84-4137953,https://www.guidestar.org/profile/84-4137953,0.0,0.0,0.0
821504842,Hays-Welch Foundation Inc.,Seminole,FL,United States,PC,82-1504842,https://www.guidestar.org/profile/82-1504842,0.0,0.0,0.0
831024548,Cedar Ridge Distribution Company,Deweyville,UT,United States,PC,83-1024548,https://www.guidestar.org/profile/83-1024548,0.0,0.0,0.0
821960269,Alpena Blue Line Club,Alpena,MI,United States,PC,82-1960269,https://www.guidestar.org/profile/82-1960269,0.0,0.0,0.0
450408917,Cavalier Ambulance Service Inc.,Cavalier,ND,United States,PC,45-0408917,https://www.guidestar.org/profile/45-0408917,0.0,0.0,0.0
371387956,New Beginning Out Reach Ministries Inc.,Troy,IL,United States,PC,37-1387956,https://www.guidestar.org/profile/37-1387956,0.0,0.0,0.0
363900221,Leslie Shankman School Corporation,Chicago,IL,United States,PC,36-3900221,https://www.guidestar.org/profile/36-3900221,0.0,0.0,0.0
30363081,Quechee Alpine Ski Club Inc.,Quechee,VT,United States,PC,03-0363081,https://www.guidestar.org/profile/03-0363081,0.0,0.0,0.0
263583833,Rosey Foundation,Walnut Creek,CA,United States,PC,26-3583833,https://www.guidestar.org/profile/26-3583833,0.0,0.0,0.0
454257276,Lt KC Abraham Ina Foundation Inc.,Middle Island,NY,United States,PC,45-4257276,https://www.guidestar.org/profile/45-4257276,0.0,0.0,0.0
521839025,Navajo United Methodist Center,Farmington,NM,United States,PC,52-1839025,https://www.guidestar.org/profile/52-1839025,0.0,0.0,0.0
263448855,Wilson Youth Basketball Association,Tigard,OR,United States,PC,26-3448855,https://www.guidestar.org/profile/26-3448855,0.0,0.0,0.0
481207017,Jefferson Co Fire District No 4,Mc louth,KS,United States,PC,48-1207017,https://www.guidestar.org/profile/48-1207017,0.0,0.0,0.0
640468881,East Central Planning & Development District Inc'410 Decatur St.,Newton,MS,United States,PC,64-0468881,https://www.guidestar.org/profile/64-0468881,0.0,0.0,0.0
752722874,Coppell High School Volleyball Booster Club,Coppell,TX,United States,PC,75-2722874,https://www.guidestar.org/profile/75-2722874,0.0,0.0,0.0
760682232,Learning Institute of Texas,Houston,TX,United States,PC,76-0682232,https://www.guidestar.org/profile/76-0682232,0.0,0.0,0.0
770240414,Rainbow Valley Group Home Inc.,Merced,CA,United States,PC,77-0240414,https://www.guidestar.org/profile/77-0240414,0.0,0.0,0.0
222757361,Choose Life of Jamestown Inc.,Jamestown,NY,United States,PC,22-2757361,https://www.guidestar.org/profile/22-2757361,0.0,0.0,0.0
571209795,Iglesia Pentecostal Los Del Camino Inc.,Kissimme,FL,United States,PC,57-1209795,https://www.guidestar.org/profile/57-1209795,0.0,0.0,0.0
941502014,Southern Monterey County Memorial Hospital,King City,CA,United States,PC,94-1502014,https://www.guidestar.org/profile/94-1502014,0.0,0.0,0.0
474912306,Solid Recovery Inc.,Santa Rosa,CA,United States,PC,47-4912306,https://www.guidestar.org/profile/47-4912306,0.0,0.0,0.0
830905106,Custuds Inc.,Jonesboro,GA,United States,PC,83-0905106,https://www.guidestar.org/profile/83-0905106,0.0,0.0,0.0
310939757,Seven Counties Services Inc.,Louisville,KY,United States,PC,31-0939757,https://www.guidestar.org/profile/31-0939757,0.0,0.0,0.0
260285668,Rock of Salvation World Christianship Ministries,Peoria,IL,United States,PC,26-0285668,https://www.guidestar.org/profile/26-0285668,0.0,0.0,0.0
311281814,Arcanum Community Rescue Squad Inc.,Arcanum,OH,United States,PC,31-1281814,https://www.guidestar.org/profile/31-1281814,0.0,0.0,0.0
542190713,First Evangelical Haitian Church Inc.,Silver Spring,MD,United States,PC,54-2190713,https://www.guidestar.org/profile/54-2190713,0.0,0.0,0.0
710395794,Arkadelphia Wesley Foundation of United Methodist Church,Arkadelphia,AR,United States,PC,71-0395794,https://www.guidestar.org/profile/71-0395794,0.0,0.0,0.0
464916494,York County Advanced Technical Rescue Team,Yoe,PA,United States,PC,46-4916494,https://www.guidestar.org/profile/46-4916494,0.0,0.0,0.0
363940738,The Center for Womens History and Leadership,Evanston,IL,United States,PC,36-3940738,https://www.guidestar.org/profile/36-3940738,0.0,0.0,0.0
237147797,Best Friends Animal Society,Kanab,UT,United States,PC,23-7147797,https://www.guidestar.org/profile/23-7147797,0.0,0.0,0.0
274725908,Ms Project Package,Southaven,MS,United States,PC,27-4725908,https://www.guidestar.org/profile/27-4725908,0.0,0.0,0.0
260051181,Mt. Zion Wings of Glory Church of God in Christ Inc.,Milwaukee,WI,United States,PC,26-0051181,https://www.guidestar.org/profile/26-0051181,0.0,0.0,0.0
237304906,Belmont San Mateo Babe Ruth Baseball League,Belmont,CA,United States,PC,23-7304906,https://www.guidestar.org/profile/23-7304906,0.0,0.0,0.0
844621194,Introspective Healing,Aspen,CO,United States,PC,84-4621194,https://www.guidestar.org/profile/84-4621194,0.0,0.0,0.0
742921034,Conservatory Dance Theatre,Austin,TX,United States,PC,74-2921034,https://www.guidestar.org/profile/74-2921034,0.0,0.0,0.0
30280529,The Cue Fund Inc.,Burlington,VT,United States,PC,03-0280529,https://www.guidestar.org/profile/03-0280529,0.0,0.0,0.0
581946632,Atlanta Neighborhood Development Partnership Inc.,Atlanta,GA,United States,PC,58-1946632,https://www.guidestar.org/profile/58-1946632,0.0,0.0,0.0
470855117,The Friends of the Jeudevine Library Inc.,Hardwick,VT,United States,PC,47-0855117,https://www.guidestar.org/profile/47-0855117,0.0,0.0,0.0
822098127,Kupat Givat Hamivtar Inc.,Lawrence,NY,United States,PC,82-2098127,https://www.guidestar.org/profile/82-2098127,0.0,0.0,0.0
464215289,Community Bike Collective,Aptos,CA,United States,PC,46-4215289,https://www.guidestar.org/profile/46-4215289,0.0,0.0,0.0
844170319,Australian Music Alliance Inc.,Los Angeles,CA,United States,PC,84-4170319,https://www.guidestar.org/profile/84-4170319,0.0,0.0,0.0
371502954,Society of Schlors of Zoroastrianism,Hinsdale,IL,United States,PC,37-1502954,https://www.guidestar.org/profile/37-1502954,0.0,0.0,0.0
813547904,His Comforting Touch Ministry,Cincinnati,OH,United States,PC,81-3547904,https://www.guidestar.org/profile/81-3547904,0.0,0.0,0.0
611648572,Providence Recovery Resources,Westbrook,ME,United States,PC,61-1648572,https://www.guidestar.org/profile/61-1648572,0.0,0.0,0.0
237451482,Meals on Wheels of Cheverly Ecf Gladys Spellman Nursing Qtr,Cheverly,MD,United States,PC,23-7451482,https://www.guidestar.org/profile/23-7451482,0.0,0.0,0.0
352211946,Children Having Opportunities in Changing Environments,Washington,DC,United States,PC,35-2211946,https://www.guidestar.org/profile/35-2211946,0.0,0.0,0.0
812763382,Fatheringdotme,Harrisburg,PA,United States,PC,81-2763382,https://www.guidestar.org/profile/81-2763382,0.0,0.0,0.0
743099462,Heart for the Nations,Douglassville,PA,United States,PC,74-3099462,https://www.guidestar.org/profile/74-3099462,0.0,0.0,0.0
834633424,Triad Youth and Event Center,Greensboro,NC,United States,PC,83-4633424,https://www.guidestar.org/profile/83-4633424,0.0,0.0,0.0
943304397,Terra Nova High School Booster Club,Pacifica,CA,United States,PC,94-3304397,https://www.guidestar.org/profile/94-3304397,0.0,0.0,0.0
752034759,Association for Hispanic Classical Theater Inc.,Vermillion,SD,United States,PC,75-2034759,https://www.guidestar.org/profile/75-2034759,0.0,0.0,0.0
814256440,Loving Hands of Jesus Shelter,Davenport,IA,United States,PC,81-4256440,https://www.guidestar.org/profile/81-4256440,0.0,0.0,0.0
300859606,Generation Green Inc.,Newark,NJ,United States,PC,30-0859606,https://www.guidestar.org/profile/30-0859606,0.0,0.0,0.0
825253899,Bedford Concert Band Corporation,Sagamore Hls,OH,United States,PC,82-5253899,https://www.guidestar.org/profile/82-5253899,0.0,0.0,0.0
710549168,Volunteer Council Arkadelphia Human Development Center Inc.,Arkadelphia,AR,United States,PC,71-0549168,https://www.guidestar.org/profile/71-0549168,0.0,0.0,0.0
371836368,A L S Assisted Living Incorporated,Milwaukee,WI,United States,PC,37-1836368,https://www.guidestar.org/profile/37-1836368,0.0,0.0,0.0
46071268,Shirley-Eustis House Association,Roxbury,MA,United States,PC,04-6071268,https://www.guidestar.org/profile/04-6071268,0.0,0.0,0.0
820367425,Bingham Crisis Center for Women Inc.,Blackfoot,ID,United States,PC,82-0367425,https://www.guidestar.org/profile/82-0367425,0.0,0.0,0.0
361884210,Turnverein Eiche Inc.,Tinley Park,IL,United States,PC,36-1884210,https://www.guidestar.org/profile/36-1884210,0.0,0.0,0.0
760695710,Fire for All Nations Inc.,Webster,TX,United States,PC,76-0695710,https://www.guidestar.org/profile/76-0695710,0.0,0.0,0.0
810418961,Lewis and Clark County Genealogical Society,Helena,MT,United States,PC,81-0418961,https://www.guidestar.org/profile/81-0418961,0.0,0.0,0.0
751325064,United Christian Fellowship at Navarro College,Corsicana,TX,United States,PC,75-1325064,https://www.guidestar.org/profile/75-1325064,0.0,0.0,0.0
10829812,Abundant Harvest Missionary Baptist Church,Richton Park,IL,United States,PC,01-0829812,https://www.guidestar.org/profile/01-0829812,0.0,0.0,0.0
824991356,Osb Corp,Longboat Key,FL,United States,PC,82-4991356,https://www.guidestar.org/profile/82-4991356,0.0,0.0,0.0
621092110,Word Teaching Center,Paris,TN,United States,PC,62-1092110,https://www.guidestar.org/profile/62-1092110,0.0,0.0,0.0
270241524,Farmersville Quilt Guild,Farmersville,TX,United States,PC,27-0241524,https://www.guidestar.org/profile/27-0241524,0.0,0.0,0.0
205635357,Barberton Youth Basketball Association,New Franklin,OH,United States,PC,20-5635357,https://www.guidestar.org/profile/20-5635357,0.0,0.0,0.0
900798511,Rural Retreat Depot Foundation Inc.,Rural Retreat,VA,United States,PC,90-0798511,https://www.guidestar.org/profile/90-0798511,0.0,0.0,0.0
474096690,Pipeline Soccer Club Hawaii,Kapolei,HI,United States,PC,47-4096690,https://www.guidestar.org/profile/47-4096690,0.0,0.0,0.0
473834673,Open for Service Inc.,Indianapolis,IN,United States,PC,47-3834673,https://www.guidestar.org/profile/47-3834673,0.0,0.0,0.0
202466103,Project Play School Incorporated,Melrose Park,PA,United States,PC,20-2466103,https://www.guidestar.org/profile/20-2466103,0.0,0.0,0.0
352381008,Harvest Center of Colorado,Hartsel,CO,United States,PC,35-2381008,https://www.guidestar.org/profile/35-2381008,0.0,0.0,0.0
273775715,Whispering Rise Farm and Animal Sanctuary,Freeland,MD,United States,PC,27-3775715,https://www.guidestar.org/profile/27-3775715,0.0,0.0,0.0
43636336,Central Park School for Children,Durham,NC,United States,PC,04-3636336,https://www.guidestar.org/profile/04-3636336,0.0,0.0,0.0
852424131,Harrison Parent Club,Cottage Grove,OR,United States,PC,85-2424131,https://www.guidestar.org/profile/85-2424131,0.0,0.0,0.0
752426010,Methodist Hospital Plainview Texas,Plainview,TX,United States,PC,75-2426010,https://www.guidestar.org/profile/75-2426010,0.0,0.0,0.0
473662057,Gospel Culture Inc.,Wichita Falls,TX,United States,PC,47-3662057,https://www.guidestar.org/profile/47-3662057,0.0,0.0,0.0
231409675,Eastern University,St. Davids,PA,United States,PC,23-1409675,https://www.guidestar.org/profile/23-1409675,0.0,0.0,0.0
521562574,Nova Artists Inc.,Morristown,NJ,United States,PC,52-1562574,https://www.guidestar.org/profile/52-1562574,0.0,0.0,0.0
770679848,Christian Missionary Fellowship Inc.,Winchester,OH,United States,PC,77-0679848,https://www.guidestar.org/profile/77-0679848,0.0,0.0,0.0
760545202,Shri Krishna Pranami Association of USA,Phoenix,AZ,United States,PC,76-0545202,https://www.guidestar.org/profile/76-0545202,0.0,0.0,0.0
264100323,Tree Foundation,Fort Worth,TX,United States,PC,26-4100323,https://www.guidestar.org/profile/26-4100323,0.0,0.0,0.0
812297554,Get Out Stay Out,Santa Maria,CA,United States,PC,81-2297554,https://www.guidestar.org/profile/81-2297554,0.0,0.0,0.0
223273838,Limbach Samaj of America Inc. US A,Verona,NJ,United States,PC,22-3273838,https://www.guidestar.org/profile/22-3273838,0.0,0.0,0.0
462353089,Saapa Educational Foundation Inc.,Saint Augustine,FL,United States,PC,46-2353089,https://www.guidestar.org/profile/46-2353089,0.0,0.0,0.0
841622778,Christmas Wonderland Inc.,Alton,IL,United States,PC,84-1622778,https://www.guidestar.org/profile/84-1622778,0.0,0.0,0.0
753181221,Hands of Compassion Inc.,Oak Grove,MN,United States,PC,75-3181221,https://www.guidestar.org/profile/75-3181221,0.0,0.0,0.0
461078454,Juanita Baseball Club,Kirkland,WA,United States,PC,46-1078454,https://www.guidestar.org/profile/46-1078454,0.0,0.0,0.0
260017113,Sail Marblehead Inc.,Marblehead,MA,United States,PC,26-0017113,https://www.guidestar.org/profile/26-0017113,0.0,0.0,0.0
542116136,Bullard Wrestling Booster Club,Fresno,CA,United States,PC,54-2116136,https://www.guidestar.org/profile/54-2116136,0.0,0.0,0.0
473368094,Summit County Youth Inc.,Breckenridge,CO,United States,PC,47-3368094,https://www.guidestar.org/profile/47-3368094,0.0,0.0,0.0
911845257,Veterans 4th of July Parade Committee of Anchorage Inc.,Anchorage,AK,United States,PC,91-1845257,https://www.guidestar.org/profile/91-1845257,0.0,0.0,0.0
300512497,Adventures in Archaeology,McMurray,PA,United States,PC,30-0512497,https://www.guidestar.org/profile/30-0512497,0.0,0.0,0.0
20565459,New York State Scoa Widowers & Children Fund,New York,NY,United States,PC,02-0565459,https://www.guidestar.org/profile/02-0565459,0.0,0.0,0.0
237352861,National Railway Historical Society Potomac Chapter Inc.,Kensington,MD,United States,PC,23-7352861,https://www.guidestar.org/profile/23-7352861,0.0,0.0,0.0
432028595,East Coast Antique Tractor Club,Seabrook,NH,United States,PC,43-2028595,https://www.guidestar.org/profile/43-2028595,0.0,0.0,0.0
141995169,Good News Community Church,Festus,MO,United States,PC,14-1995169,https://www.guidestar.org/profile/14-1995169,0.0,0.0,0.0
611749245,Birth Network Monterey County,Monterey,CA,United States,PC,61-1749245,https://www.guidestar.org/profile/61-1749245,0.0,0.0,0.0
274521038,Long Beach Pop Warner Football and Cheer,Long Beach,CA,United States,PC,27-4521038,https://www.guidestar.org/profile/27-4521038,0.0,0.0,0.0
582336812,Barefoot Productions Inc.,Augusta,GA,United States,PC,58-2336812,https://www.guidestar.org/profile/58-2336812,0.0,0.0,0.0
474225931,Maxwells Way,Irvine,CA,United States,PC,47-4225931,https://www.guidestar.org/profile/47-4225931,0.0,0.0,0.0
752823549,Christian Tabernacle True Holiness Church of Praise Inc.,Garland,TX,United States,PC,75-2823549,https://www.guidestar.org/profile/75-2823549,0.0,0.0,0.0
824046223,Gofundcollege Inc.,Miami,FL,United States,PC,82-4046223,https://www.guidestar.org/profile/82-4046223,0.0,0.0,0.0
823993292,Michigan Reading Association,Grand Rapids,MI,United States,PC,82-3993292,https://www.guidestar.org/profile/82-3993292,0.0,0.0,0.0
203228359,Special Life Ministry Network Inc.,the Woodlands,TX,United States,PC,20-3228359,https://www.guidestar.org/profile/20-3228359,0.0,0.0,0.0
822589395,Lions Gate Ministries Inc.,Bound Brook,NJ,United States,PC,82-2589395,https://www.guidestar.org/profile/82-2589395,0.0,0.0,0.0
752966166,The Jcpenney Foundation,Plano,TX,United States,PC,75-2966166,https://www.guidestar.org/profile/75-2966166,0.0,0.0,0.0
850775717,Little Whiskers Kitten Rescue Inc.,Paradise,CA,United States,PC,85-0775717,https://www.guidestar.org/profile/85-0775717,0.0,0.0,0.0
810884813,Surgeons of Service Inc.,Greensboro,GA,United States,PC,81-0884813,https://www.guidestar.org/profile/81-0884813,0.0,0.0,0.0
870458073,North American Airlines Ski Federation Foundation,Blairsville,GA,United States,PC,87-0458073,https://www.guidestar.org/profile/87-0458073,0.0,0.0,0.0
810766995,Buk Foundation,Salt Lake Cty,UT,United States,PC,81-0766995,https://www.guidestar.org/profile/81-0766995,0.0,0.0,0.0
824145513,Mark Friday Memorial Scholarship Foundation,Cornelius,NC,United States,PC,82-4145513,https://www.guidestar.org/profile/82-4145513,0.0,0.0,0.0
473826383,Project Dyslexia Nfp,New Lenox,IL,United States,PC,47-3826383,https://www.guidestar.org/profile/47-3826383,0.0,0.0,0.0
821429530,Horse Prayer,Aberdeen,WA,United States,PC,82-1429530,https://www.guidestar.org/profile/82-1429530,0.0,0.0,0.0
850248309,Greater Artesia Foundation,Artesia,NM,United States,PC,85-0248309,https://www.guidestar.org/profile/85-0248309,0.0,0.0,0.0
956187083,Boys & Girls Clubs of Greater Redlands-Riverside,Redlands,CA,United States,PC,95-6187083,https://www.guidestar.org/profile/95-6187083,0.0,0.0,0.0
680337899,Harvest Bible Church Inc.,Stockton,CA,United States,PC,68-0337899,https://www.guidestar.org/profile/68-0337899,0.0,0.0,0.0
275121062,Scorpion Baseball,Slidell,LA,United States,PC,27-5121062,https://www.guidestar.org/profile/27-5121062,0.0,0.0,0.0
30519507,Greater Heights Christian Church Inc.,Snellville,GA,United States,PC,03-0519507,https://www.guidestar.org/profile/03-0519507,0.0,0.0,0.0
463195346,Jeannies Wish Inc.,Barboursville,WV,United States,PC,46-3195346,https://www.guidestar.org/profile/46-3195346,0.0,0.0,0.0
223219499,Pioneer Library System,Canandaigua,NY,United States,PC,22-3219499,https://www.guidestar.org/profile/22-3219499,0.0,0.0,0.0
452060872,Open Christian Center Inc.,Wayland,MI,United States,PC,45-2060872,https://www.guidestar.org/profile/45-2060872,0.0,0.0,0.0
473027414,Teen Dream Builders Club & Creative Learning Center,Buckeye,AZ,United States,PC,47-3027414,https://www.guidestar.org/profile/47-3027414,0.0,0.0,0.0
464204185,Support of Torah Inc.,Brooklyn,NY,United States,PC,46-4204185,https://www.guidestar.org/profile/46-4204185,0.0,0.0,0.0
930841132,Harney Helping Organization for Personal Emergencies,Burns,OR,United States,PC,93-0841132,https://www.guidestar.org/profile/93-0841132,0.0,0.0,0.0
464445900,Smiths Station Dyb Inc.,Smiths Sta,AL,United States,PC,46-4445900,https://www.guidestar.org/profile/46-4445900,0.0,0.0,0.0
611396011,St. Joe Community Center Inc.,Raywick,KY,United States,PC,61-1396011,https://www.guidestar.org/profile/61-1396011,0.0,0.0,0.0
260392382,Oscar Sa Garcia Foundation,Chula Vista,CA,United States,PC,26-0392382,https://www.guidestar.org/profile/26-0392382,0.0,0.0,0.0
812658818,Fredidance Project Inc.,Lakeland,FL,United States,PC,81-2658818,https://www.guidestar.org/profile/81-2658818,0.0,0.0,0.0
710875331,Murray Greenhouse Foundation,Murray,UT,United States,PC,71-0875331,https://www.guidestar.org/profile/71-0875331,0.0,0.0,0.0
474435955,Vietnamese American Leadership Foundation Inc.,Norcross,GA,United States,PC,47-4435955,https://www.guidestar.org/profile/47-4435955,0.0,0.0,0.0
203369380,Foundation of Active 20 30 Club of Bakersfield Incorporated,Bakersfield,CA,United States,PC,20-3369380,https://www.guidestar.org/profile/20-3369380,0.0,0.0,0.0
462490091,Bridge Northwest Development Inc.,San Francisco,CA,United States,PC,46-2490091,https://www.guidestar.org/profile/46-2490091,0.0,0.0,0.0
203112162,Walking in Gods Will Inc.,Ashville,AL,United States,PC,20-3112162,https://www.guidestar.org/profile/20-3112162,0.0,0.0,0.0
562207438,Davis High Ventures Corporation,Engelhard,NC,United States,PC,56-2207438,https://www.guidestar.org/profile/56-2207438,0.0,0.0,0.0
956196396,Westminster Chapter SPEBSQSA Inc.,Los Angeles,CA,United States,PC,95-6196396,https://www.guidestar.org/profile/95-6196396,0.0,0.0,0.0
824250267,Teen College,Kekaha,HI,United States,PC,82-4250267,https://www.guidestar.org/profile/82-4250267,0.0,0.0,0.0
453809220,Thyroid Hope,Cherry Hill,NJ,United States,PC,45-3809220,https://www.guidestar.org/profile/45-3809220,0.0,0.0,0.0
371694548,Life Touch Ministries,Jennings,LA,United States,PC,37-1694548,https://www.guidestar.org/profile/37-1694548,0.0,0.0,0.0
222221158,Lifetime Assistance Incorporated,Rochester,NY,United States,PC,22-2221158,https://www.guidestar.org/profile/22-2221158,0.0,0.0,0.0
814617515,Boldly Baldwin Inc.,N Chesterfld,VA,United States,PC,81-4617515,https://www.guidestar.org/profile/81-4617515,0.0,0.0,0.0
832544496,Eagle Lake Camp Inc.,Lockridge,IA,United States,PC,83-2544496,https://www.guidestar.org/profile/83-2544496,0.0,0.0,0.0
752996613,Resources for Women Inc.,Daytona Beach,FL,United States,PC,75-2996613,https://www.guidestar.org/profile/75-2996613,0.0,0.0,0.0
471376914,Calise Memorial Scholarship Fund,Wayne,NJ,United States,PC,47-1376914,https://www.guidestar.org/profile/47-1376914,0.0,0.0,0.0
510564865,Vista Volunteers,Gaviota,CA,United States,PC,51-0564865,https://www.guidestar.org/profile/51-0564865,0.0,0.0,0.0
831754743,Arts & Nibbles,Dearborn,MI,United States,PC,83-1754743,https://www.guidestar.org/profile/83-1754743,0.0,0.0,0.0
742542562,Beth-El College of Nursing,Colorado Spgs,CO,United States,PC,74-2542562,https://www.guidestar.org/profile/74-2542562,0.0,0.0,0.0
61584822,Chinaresearchnetorg Inc.,Dix Hills,NY,United States,PC,06-1584822,https://www.guidestar.org/profile/06-1584822,0.0,0.0,0.0
832511815,Heart of God Foundation,Pasadena,CA,United States,PC,83-2511815,https://www.guidestar.org/profile/83-2511815,0.0,0.0,0.0
10934025,Myers Park Mustang Community Organization Llc,Charlotte,NC,United States,PC,01-0934025,https://www.guidestar.org/profile/01-0934025,0.0,0.0,0.0
464103507,Kenshokai Japanese Swordsmanship Association,Los Angeles,CA,United States,PC,46-4103507,https://www.guidestar.org/profile/46-4103507,0.0,0.0,0.0
455163142,Tyler Red Raider Youth Football Association Inc.,Tyler,TX,United States,PC,45-5163142,https://www.guidestar.org/profile/45-5163142,0.0,0.0,0.0
831857993,Cac of Laguna Woods Village,Laguna Hills,CA,United States,PC,83-1857993,https://www.guidestar.org/profile/83-1857993,0.0,0.0,0.0
833707895,The Solution,North Las Vegas,NV,United States,PC,83-3707895,https://www.guidestar.org/profile/83-3707895,0.0,0.0,0.0
820527355,Idaho Horse Park Foundation Inc.,Nampa,ID,United States,PC,82-0527355,https://www.guidestar.org/profile/82-0527355,0.0,0.0,0.0
850776315,Madison Heights Emergency Pantry,Madison Hts,MI,United States,PC,85-0776315,https://www.guidestar.org/profile/85-0776315,0.0,0.0,0.0
640744867,Villa Pacis Inc.,Jackson,MS,United States,PC,64-0744867,https://www.guidestar.org/profile/64-0744867,0.0,0.0,0.0
844658862,Praise in the Park,Plant City,FL,United States,PC,84-4658862,https://www.guidestar.org/profile/84-4658862,0.0,0.0,0.0
50493229,John F Spellman Center Inc.,Riverside,RI,United States,PC,05-0493229,https://www.guidestar.org/profile/05-0493229,0.0,0.0,0.0
844455413,Ideaz Shack Nfp,Schaumburg,IL,United States,PC,84-4455413,https://www.guidestar.org/profile/84-4455413,0.0,0.0,0.0
822666162,Vets for Elders,La Mesa,CA,United States,PC,82-2666162,https://www.guidestar.org/profile/82-2666162,0.0,0.0,0.0
541492707,Al-Anon Service Center of Northern Virginia,Manassas,VA,United States,PC,54-1492707,https://www.guidestar.org/profile/54-1492707,0.0,0.0,0.0
341234900,Community of Gods Love,Steubenville,OH,United States,PC,34-1234900,https://www.guidestar.org/profile/34-1234900,0.0,0.0,0.0
463768435,Redemptive Love Ministries International,Lancaster,CA,United States,PC,46-3768435,https://www.guidestar.org/profile/46-3768435,0.0,0.0,0.0
742177975,Houston Safari Club Foundation,Houston,TX,United States,PC,74-2177975,https://www.guidestar.org/profile/74-2177975,0.0,0.0,0.0
823555965,Chasing Chances Rescue,Mountain Home,ID,United States,PC,82-3555965,https://www.guidestar.org/profile/82-3555965,0.0,0.0,0.0
463003807,Adventist New Vision Fellowship Church,Silver Spring,MD,United States,PC,46-3003807,https://www.guidestar.org/profile/46-3003807,0.0,0.0,0.0
611716360,Warren County Backstoppers Committee,Marthasville,MO,United States,PC,61-1716360,https://www.guidestar.org/profile/61-1716360,0.0,0.0,0.0
410951379,Minneapolis Electrical Joint Apprenticeship & Training Tr Fund,Saint Michael,MN,United States,PC,41-0951379,https://www.guidestar.org/profile/41-0951379,0.0,0.0,0.0
860522951,The Friends of Arizona Highways Magazine Foundation,Phoenix,AZ,United States,PC,86-0522951,https://www.guidestar.org/profile/86-0522951,0.0,0.0,0.0
364562602,Ms Cure Fund Inc.,Weston,MA,United States,PC,36-4562602,https://www.guidestar.org/profile/36-4562602,0.0,0.0,0.0
812800396,Echoed Purpose A Nj Nonprofit Corporation,Paterson,NJ,United States,PC,81-2800396,https://www.guidestar.org/profile/81-2800396,0.0,0.0,0.0
300149218,Great Southwest Track and Field Classic Inc.,Albuquerque,NM,United States,PC,30-0149218,https://www.guidestar.org/profile/30-0149218,0.0,0.0,0.0
826012841,Eagle Fire Protection Dist,Eagle,ID,United States,PC,82-6012841,https://www.guidestar.org/profile/82-6012841,0.0,0.0,0.0
562515776,Threshold International Ministries,Richardson,TX,United States,PC,56-2515776,https://www.guidestar.org/profile/56-2515776,0.0,0.0,0.0
113235349,The City University of New York School of Law Foundation Inc.,Long Island City,NY,United States,PC,11-3235349,https://www.guidestar.org/profile/11-3235349,0.0,0.0,0.0
376083302,Galesburg Youth Cal Ripken Baseball League Inc.,Galesburg,IL,United States,PC,37-6083302,https://www.guidestar.org/profile/37-6083302,0.0,0.0,0.0
261150962,Save Community Colleges Organization Inc.,Kildeer,IL,United States,PC,26-1150962,https://www.guidestar.org/profile/26-1150962,0.0,0.0,0.0
273505218,Hokulele Volleyball Club,Honolulu,HI,United States,PC,27-3505218,https://www.guidestar.org/profile/27-3505218,0.0,0.0,0.0
582194069,Doctors for Global Health Inc.,Syracuse,NY,United States,PC,58-2194069,https://www.guidestar.org/profile/58-2194069,0.0,0.0,0.0
10545327,Penobscot Valley Hospital,Lincoln,ME,United States,PC,01-0545327,https://www.guidestar.org/profile/01-0545327,0.0,0.0,0.0
208379948,Khal Bnei Avrohom Yaakov Inc.,Brooklyn,NY,United States,PC,20-8379948,https://www.guidestar.org/profile/20-8379948,0.0,0.0,0.0
630698031,North Central Alabama Regional Alcoholism Council Inc.,Cullman,AL,United States,PC,63-0698031,https://www.guidestar.org/profile/63-0698031,0.0,0.0,0.0
822370579,Md Dogs Incorporated,Nicholasville,KY,United States,PC,82-2370579,https://www.guidestar.org/profile/82-2370579,0.0,0.0,0.0
800842179,Defiance Area Chamber of Commerce Foundation Inc.,Defiance,OH,United States,PC,80-0842179,https://www.guidestar.org/profile/80-0842179,0.0,0.0,0.0
371098153,Cerro Gordo Community Pre-School,Cerro Gordo,IL,United States,PC,37-1098153,https://www.guidestar.org/profile/37-1098153,0.0,0.0,0.0
133333958,Good Pennyworths Inc.,New York,NY,United States,PC,13-3333958,https://www.guidestar.org/profile/13-3333958,0.0,0.0,0.0
946174007,Lodi Sister-City Committee Inc.,Lodi,CA,United States,PC,94-6174007,https://www.guidestar.org/profile/94-6174007,0.0,0.0,0.0
834693241,Anthonys Run for Recovery,South Park,PA,United States,PC,83-4693241,https://www.guidestar.org/profile/83-4693241,0.0,0.0,0.0
261424654,First Avenue Uptown College District,Cedar Rapids,IA,United States,PC,26-1424654,https://www.guidestar.org/profile/26-1424654,0.0,0.0,0.0
166073673,Ischu Valley Historical Society,Franklinville,NY,United States,PC,16-6073673,https://www.guidestar.org/profile/16-6073673,0.0,0.0,0.0
237353867,Canton Rotary Charitable Fund,Canton,OH,United States,PC,23-7353867,https://www.guidestar.org/profile/23-7353867,0.0,0.0,0.0
832374021,San Saba All Sports Booster Club,San Saba,TX,United States,PC,83-2374021,https://www.guidestar.org/profile/83-2374021,0.0,0.0,0.0
823819658,Gianna Cirella Memorial Fund,Warwick,RI,United States,PC,82-3819658,https://www.guidestar.org/profile/82-3819658,0.0,0.0,0.0
742830699,Mount Zion Tabernacle Inc.,El Prado,NM,United States,PC,74-2830699,https://www.guidestar.org/profile/74-2830699,0.0,0.0,0.0
362914986,Chinese Consolidated Benevolent Association,Chicago,IL,United States,PC,36-2914986,https://www.guidestar.org/profile/36-2914986,0.0,0.0,0.0
850836510,Denver Fringe Festival Inc.,Denver,CO,United States,PC,85-0836510,https://www.guidestar.org/profile/85-0836510,0.0,0.0,0.0
461029374,A Dollar A Tree for Haiti Inc.,Highland,MD,United States,PC,46-1029374,https://www.guidestar.org/profile/46-1029374,0.0,0.0,0.0
954582656,Hollywood Parkview Apartments,Los Angeles,CA,United States,PC,95-4582656,https://www.guidestar.org/profile/95-4582656,0.0,0.0,0.0
273556440,Linking Partners Ministries Inc.,Jacksonville,AR,United States,PC,27-3556440,https://www.guidestar.org/profile/27-3556440,0.0,0.0,0.0
263708682,Mount Zion Christian Fellowship International Inc.,Devine,TX,United States,PC,26-3708682,https://www.guidestar.org/profile/26-3708682,0.0,0.0,0.0
521841201,Pi Upsilon Lambda Charitable Foundation Inc.,Bowie,MD,United States,PC,52-1841201,https://www.guidestar.org/profile/52-1841201,0.0,0.0,0.0
860863202,Kimzey Evangelistic Ministries,Sun City,AZ,United States,PC,86-0863202,https://www.guidestar.org/profile/86-0863202,0.0,0.0,0.0
472979968,Pediatric Oncofertility Research Foundation,Oak Park,IL,United States,PC,47-2979968,https://www.guidestar.org/profile/47-2979968,0.0,0.0,0.0
300098497,Highline Community Band,Burien,WA,United States,PC,30-0098497,https://www.guidestar.org/profile/30-0098497,0.0,0.0,0.0
841075414,Environmental and Engineering Geophysical Society,Denver,CO,United States,PC,84-1075414,https://www.guidestar.org/profile/84-1075414,0.0,0.0,0.0
710585070,Antioch Missionary Baptist Church,Conway,AR,United States,PC,71-0585070,https://www.guidestar.org/profile/71-0585070,0.0,0.0,0.0
421215363,Montezma Community Fund Inc.,Montezuma,IA,United States,PC,42-1215363,https://www.guidestar.org/profile/42-1215363,0.0,0.0,0.0
237322338,Chippewa-Rogues Hollow Historical Society,Doylestown,OH,United States,PC,23-7322338,https://www.guidestar.org/profile/23-7322338,0.0,0.0,0.0
522033142,Lords Temple Church and Healing Center Inc.,Mitchellville,MD,United States,PC,52-2033142,https://www.guidestar.org/profile/52-2033142,0.0,0.0,0.0
473273015,I M Blessed 2,Argyle,TX,United States,PC,47-3273015,https://www.guidestar.org/profile/47-3273015,0.0,0.0,0.0
113028856,Talmud Torah Tifereth Jonah,Brooklyn,NY,United States,PC,11-3028856,https://www.guidestar.org/profile/11-3028856,,,
850550305,New Perspective Inc.,Olathe,CO,United States,PC,85-0550305,https://www.guidestar.org/profile/85-0550305,,,
473746807,Espy Foundation,Loma Linda,CA,United States,PC,47-3746807,https://www.guidestar.org/profile/47-3746807,0.0,0.0,0.0
20443670,Milfoil Crisis Committee,Meredith,NH,United States,PC,02-0443670,https://www.guidestar.org/profile/02-0443670,17215.0,2.0,2.0
813180903,South Jersey Pride,Galloway,NJ,United States,PC,81-3180903,https://www.guidestar.org/profile/81-3180903,0.0,0.0,0.0
770300008,Santa Maria Valley Quilt Guild,Santa Maria,CA,United States,PC,77-0300008,https://www.guidestar.org/profile/77-0300008,0.0,0.0,0.0
541236735,Elm Manor Homes,Roanoke,VA,United States,PC,54-1236735,https://www.guidestar.org/profile/54-1236735,1150212.0,376947.0,374925.0
911999989,Victory International Church,San Mateo,CA,United States,PC,91-1999989,https://www.guidestar.org/profile/91-1999989,,,
237438066,Reformed Baptist Church,Hartville,OH,United States,PC,23-7438066,https://www.guidestar.org/profile/23-7438066,,,
473292634,Veterans Help Veterans Corporation,Crestview,FL,United States,PC,47-3292634,https://www.guidestar.org/profile/47-3292634,0.0,0.0,0.0
251146128,Hill House Association,Pittsburgh,PA,United States,PC,25-1146128,https://www.guidestar.org/profile/25-1146128,11556065.0,2827931.0,2814753.0
832695628,Hello Local Corp,Beacon,NY,United States,PC,83-2695628,https://www.guidestar.org/profile/83-2695628,0.0,0.0,0.0
201496029,Mexican Foundation for Technology in Education,Houston,TX,United States,PC,20-1496029,https://www.guidestar.org/profile/20-1496029,0.0,0.0,0.0
472735516,Black Women Do Breastfeed Inc.,Charlotte,NC,United States,PC,47-2735516,https://www.guidestar.org/profile/47-2735516,0.0,0.0,0.0
931075456,Generous Ventures Gleaners,Portland,OR,United States,PC,93-1075456,https://www.guidestar.org/profile/93-1075456,0.0,0.0,0.0
510574133,Friends of the Newport Library,Newport,NC,United States,PC,51-0574133,https://www.guidestar.org/profile/51-0574133,0.0,0.0,0.0
742033203,American Gi Forum National Veterans Outreach Program Inc.,San Antonio,TX,United States,PC,74-2033203,https://www.guidestar.org/profile/74-2033203,6411107.0,9784169.0,9784169.0
823287617,Lillys Lifeline,Waynesboro,MS,United States,PC,82-3287617,https://www.guidestar.org/profile/82-3287617,1.0,1000.0,1000.0
396125547,Alano Club 12 Inc.,Eau Claire,WI,United States,PC,39-6125547,https://www.guidestar.org/profile/39-6125547,0.0,0.0,0.0
562514212,Temple of Good Fortune and Wisdom,San Francisco,CA,United States,PC,56-2514212,https://www.guidestar.org/profile/56-2514212,,,
465189576,Joy Community Services,Minneapolis,MN,United States,PC,46-5189576,https://www.guidestar.org/profile/46-5189576,0.0,0.0,0.0
832538675,Star Rescue,Miami,FL,United States,PC,83-2538675,https://www.guidestar.org/profile/83-2538675,,,
451623204,Chananya Backer Memorial Fund Inc.,Pikesville,MD,United States,PC,45-1623204,https://www.guidestar.org/profile/45-1623204,2077496.0,1275184.0,1176498.0
870776934,Built Green Washington,Bellevue,WA,United States,PC,87-0776934,https://www.guidestar.org/profile/87-0776934,0.0,0.0,0.0
592789167,Habitat for Humanity Greater Orlando and Osceola County Inc.,Orlando,FL,United States,PC,59-2789167,https://www.guidestar.org/profile/59-2789167,19235422.0,7525352.0,7414905.0
223415696,Closter Historic Society Inc.,Closter,NJ,United States,PC,22-3415696,https://www.guidestar.org/profile/22-3415696,0.0,0.0,0.0
341425764,Seville Historical Society Inc.,Seville,OH,United States,PC,34-1425764,https://www.guidestar.org/profile/34-1425764,0.0,0.0,0.0
10528097,Homeworks,Augusta,ME,United States,PC,01-0528097,https://www.guidestar.org/profile/01-0528097,16854.0,8500.0,8500.0
471779550,How to Be A Man Inc.,Houston,TX,United States,PC,47-1779550,https://www.guidestar.org/profile/47-1779550,1.0,0.0,0.0
453800695,Noblesville Lacrosse Inc.,Noblesville,IN,United States,PC,45-3800695,https://www.guidestar.org/profile/45-3800695,0.0,0.0,0.0
263186146,Wings Over Watersheds,Tucson,AZ,United States,PC,26-3186146,https://www.guidestar.org/profile/26-3186146,0.0,0.0,0.0
454103073,Holy City Ministries,Saint Louis,MO,United States,PC,45-4103073,https://www.guidestar.org/profile/45-4103073,0.0,0.0,0.0
272557623,Gifts of Love Inc.,Memphis,TN,United States,PC,27-2557623,https://www.guidestar.org/profile/27-2557623,0.0,0.0,0.0
831429308,Enugu State Association of Central Florida Inc.,Clermont,FL,United States,PC,83-1429308,https://www.guidestar.org/profile/83-1429308,0.0,0.0,0.0
581792146,New Life Worship Center Inc.,Little Rock,AR,United States,PC,58-1792146,https://www.guidestar.org/profile/58-1792146,0.0,0.0,0.0
851125188,Pensacola Packs Inc.,Pensacola,FL,United States,PC,85-1125188,https://www.guidestar.org/profile/85-1125188,0.0,0.0,0.0
521916564,Metro Club Inc.,Rockville,MD,United States,PC,52-1916564,https://www.guidestar.org/profile/52-1916564,0.0,0.0,0.0
850880538,Evelution Inc.,Elk Grove Vlg,IL,United States,PC,85-0880538,https://www.guidestar.org/profile/85-0880538,0.0,0.0,0.0
270743806,Seymour Tradition Inc.,Seymour,CT,United States,PC,27-0743806,https://www.guidestar.org/profile/27-0743806,0.0,0.0,0.0
261586102,Awakened Heart Ministries,Troy,MI,United States,PC,26-1586102,https://www.guidestar.org/profile/26-1586102,0.0,0.0,0.0
824901492,Ste Diamond,Addison,TX,United States,PC,82-4901492,https://www.guidestar.org/profile/82-4901492,0.0,0.0,0.0
825078479,Pitties & More Angel Rescue,San Jacinto,CA,United States,PC,82-5078479,https://www.guidestar.org/profile/82-5078479,0.0,0.0,0.0
626083488,History Associates of Wilson County,Lebanon,TN,United States,PC,62-6083488,https://www.guidestar.org/profile/62-6083488,0.0,0.0,0.0
910776525,Columbia Industries,Kennewick,WA,United States,PC,91-0776525,https://www.guidestar.org/profile/91-0776525,0.0,0.0,0.0
631262740,Cullman Pals Inc.,Cullman,AL,United States,PC,63-1262740,https://www.guidestar.org/profile/63-1262740,0.0,0.0,0.0
823259601,Derby Education Foundation,Derby,KS,United States,PC,82-3259601,https://www.guidestar.org/profile/82-3259601,0.0,0.0,0.0
274513965,Avas Gift to June Incorporated,Waxhaw,NC,United States,PC,27-4513965,https://www.guidestar.org/profile/27-4513965,0.0,0.0,0.0
202507842,Modern Family Alliance,Overland Park,KS,United States,PC,20-2507842,https://www.guidestar.org/profile/20-2507842,0.0,0.0,0.0
463140109,Go Reach Africa US Office Inc.,Amarillo,TX,United States,PC,46-3140109,https://www.guidestar.org/profile/46-3140109,0.0,0.0,0.0
371162578,New Life Christian Church,Morton,IL,United States,PC,37-1162578,https://www.guidestar.org/profile/37-1162578,0.0,0.0,0.0
815441203,Tttriumph400 Inc.,Albany,GA,United States,PC,81-5441203,https://www.guidestar.org/profile/81-5441203,0.0,0.0,0.0
831238051,New Dawn Family Resource Center Inc.,Pound Ridge,NY,United States,PC,83-1238051,https://www.guidestar.org/profile/83-1238051,0.0,0.0,0.0
471284931,Midwest Low Vision and Technology Center Inc.,Joplin,MO,United States,PC,47-1284931,https://www.guidestar.org/profile/47-1284931,0.0,0.0,0.0
521395130,Jubilee Monuments Corp,Sugar Land,TX,United States,PC,52-1395130,https://www.guidestar.org/profile/52-1395130,0.0,0.0,0.0
911553730,Mt. Spokane 2000,Mead,WA,United States,PC,91-1553730,https://www.guidestar.org/profile/91-1553730,0.0,0.0,0.0
920161817,Duct Tape Radio and Humanities Forum,Tok,AK,United States,PC,92-0161817,https://www.guidestar.org/profile/92-0161817,0.0,0.0,0.0
223535313,Living Parables Inc.,Branchburg,NJ,United States,PC,22-3535313,https://www.guidestar.org/profile/22-3535313,0.0,0.0,0.0
593760101,One Accord Outreach International Church Inc.,Orlando,FL,United States,PC,59-3760101,https://www.guidestar.org/profile/59-3760101,0.0,0.0,0.0
273440781,Sharon Community Chamber Orchestra Inc.,Sharon,MA,United States,PC,27-3440781,https://www.guidestar.org/profile/27-3440781,0.0,0.0,0.0
916526501,Wachtell Family Foundation Trust,Boise,ID,United States,PF,91-6526501,https://www.guidestar.org/profile/91-6526501,0.0,0.0,0.0
112730864,Amagil Foundation Inc.,Brooklyn,NY,United States,PF,11-2730864,https://www.guidestar.org/profile/11-2730864,0.0,0.0,0.0
731685921,The Margaret and Jennifer Kress Foundation Inc.,Wilmington,DE,United States,PF,73-1685921,https://www.guidestar.org/profile/73-1685921,0.0,0.0,0.0
824609602,Hong Shih Foundation Inc.,Arcadia,CA,United States,PF,82-4609602,https://www.guidestar.org/profile/82-4609602,0.0,0.0,0.0
815089884,Ari Susman Philanthropic Foundation,Dallas,TX,United States,PF,81-5089884,https://www.guidestar.org/profile/81-5089884,0.0,0.0,0.0
237750449,Armeta Schey Leach Tr UW,Las Vegas,NV,United States,PF,23-7750449,https://www.guidestar.org/profile/23-7750449,0.0,0.0,0.0
237016765,Sack Foundation Inc.,Palm Bch Gdns,FL,United States,PF,23-7016765,https://www.guidestar.org/profile/23-7016765,0.0,0.0,0.0
316210487,The Sulsberger Foundation,Columbus,OH,United States,PF,31-6210487,https://www.guidestar.org/profile/31-6210487,0.0,0.0,0.0
830511972,Virginia T Dashiell Charitable Foundation,Yorktown,VA,United States,PF,83-0511972,https://www.guidestar.org/profile/83-0511972,0.0,0.0,0.0
421747157,Gruschow Foundation,Chicago,IL,United States,PF,42-1747157,https://www.guidestar.org/profile/42-1747157,0.0,0.0,0.0
586365349,Duo Charitable Foundation,Ponte Vedra,FL,United States,PF,58-6365349,https://www.guidestar.org/profile/58-6365349,0.0,0.0,0.0
550764535,Albert Schenk III and Kathleen H Schenk Char Tr No 1,Wheeling,WV,United States,PF,55-0764535,https://www.guidestar.org/profile/55-0764535,0.0,0.0,0.0
746050262,A I and Manet Schepps Foundation Inc.,Bellaire,TX,United States,PF,74-6050262,https://www.guidestar.org/profile/74-6050262,0.0,0.0,0.0
316177129,D J and J N Knull Fund Bancohio,Pittsburgh,PA,United States,PF,31-6177129,https://www.guidestar.org/profile/31-6177129,0.0,0.0,0.0
203750117,The Carl and Donna Anderson Foundation,White Plains,NY,United States,PF,20-3750117,https://www.guidestar.org/profile/20-3750117,0.0,0.0,0.0
452474675,Robert and Meili Hefner Foundation,Oklahoma City,OK,United States,PF,45-2474675,https://www.guidestar.org/profile/45-2474675,0.0,0.0,0.0
756333692,Tims Foundation,Azle,TX,United States,PF,75-6333692,https://www.guidestar.org/profile/75-6333692,0.0,0.0,0.0
363407627,James V Insolia Family Foundation C S Pyshos,Des Plaines,IL,United States,PF,36-3407627,https://www.guidestar.org/profile/36-3407627,0.0,0.0,0.0
316672086,Donald A Gordon Private Foundation,La Crosse,WI,United States,PF,31-6672086,https://www.guidestar.org/profile/31-6672086,0.0,0.0,0.0
936091423,Lyle P Bartholomew Scholarship and Loan Fund,Dallas,TX,United States,PF,93-6091423,https://www.guidestar.org/profile/93-6091423,0.0,0.0,0.0
376297526,David E Oram Scholarship Trust,Watseka,IL,United States,PF,37-6297526,https://www.guidestar.org/profile/37-6297526,0.0,0.0,0.0
275276739,Reginald R and Jameson A Baxter Foundation,North Palm Beach,FL,United States,PF,27-5276739,https://www.guidestar.org/profile/27-5276739,0.0,0.0,0.0
453913677,Norman C Danielson Foundation,Vancouver,WA,United States,PF,45-3913677,https://www.guidestar.org/profile/45-3913677,0.0,0.0,0.0
850467450,Bryan Family Foundation,Albuquerque,NM,United States,PF,85-0467450,https://www.guidestar.org/profile/85-0467450,0.0,0.0,0.0
742594247,Dora Freedman Levit Fund for People,Santa Monica,CA,United States,PF,74-2594247,https://www.guidestar.org/profile/74-2594247,0.0,0.0,0.0
270323111,Mt. Moro Foundation,Stamford,CT,United States,PF,27-0323111,https://www.guidestar.org/profile/27-0323111,0.0,0.0,0.0
760484794,Lehmkuhl Foundation,Saint Louis,MO,United States,PF,76-0484794,https://www.guidestar.org/profile/76-0484794,0.0,0.0,0.0
814606886,Austin Family Foundation Inc.,Walworth,WI,United States,PF,81-4606886,https://www.guidestar.org/profile/81-4606886,0.0,0.0,0.0
954490781,Kay Family Charitable Foundation,Beverly Hills,CA,United States,PF,95-4490781,https://www.guidestar.org/profile/95-4490781,0.0,0.0,0.0
824083542,Friends of the Orange Council on Aging,Orange,MA,United States,PF,82-4083542,https://www.guidestar.org/profile/82-4083542,0.0,0.0,0.0
845167665,Dsny Foundation Inc.,Ridgewood,NY,United States,PF,84-5167665,https://www.guidestar.org/profile/84-5167665,0.0,0.0,0.0
431868688,Mos Family Foundation,Kansas City,MO,United States,PF,43-1868688,https://www.guidestar.org/profile/43-1868688,0.0,0.0,0.0
825046914,First Ward Foundation Inc.,Chicago,IL,United States,PF,82-5046914,https://www.guidestar.org/profile/82-5046914,0.0,0.0,0.0
810528257,Jessica McBride Lidholm and Jason Erik Lidholm Scholarship Fund Inc.,Billings,MT,United States,PF,81-0528257,https://www.guidestar.org/profile/81-0528257,0.0,0.0,0.0
26055400,Annie L Rowell Charitable Remainder Trust,Concord,NH,United States,PF,02-6055400,https://www.guidestar.org/profile/02-6055400,0.0,0.0,0.0
367419069,Mlg Foundation Tr,Grosse Pt Pk,MI,United States,PF,36-7419069,https://www.guidestar.org/profile/36-7419069,0.0,0.0,0.0
43179861,Employers Association Training Center Inc.,Agawam,MA,United States,PF,04-3179861,https://www.guidestar.org/profile/04-3179861,0.0,0.0,0.0
116460945,Ester Eisenberg Charitable Trust,Hollis,NY,United States,PF,11-6460945,https://www.guidestar.org/profile/11-6460945,0.0,0.0,0.0
391960035,Bradshaw-Knight Foundation Inc.,Madison,WI,United States,PF,39-1960035,https://www.guidestar.org/profile/39-1960035,0.0,0.0,0.0
364052065,Crab Tree Farm Foundation Inc.,Lake Bluff,IL,United States,PF,36-4052065,https://www.guidestar.org/profile/36-4052065,0.0,0.0,0.0
831935774,Gateway Lera Association-Labor and Employer Relations Association,Moscow Mills,MO,United States,PF,83-1935774,https://www.guidestar.org/profile/83-1935774,0.0,0.0,0.0
751574708,George F & Mary L Leone Foundation,Fort Worth,TX,United States,PF,75-1574708,https://www.guidestar.org/profile/75-1574708,0.0,0.0,0.0
851339343,Cho Foundation,Issaquah,WA,United States,PF,85-1339343,https://www.guidestar.org/profile/85-1339343,0.0,0.0,0.0
770154542,Counsellor Foundation Inc.,Davis,CA,United States,PF,77-0154542,https://www.guidestar.org/profile/77-0154542,0.0,0.0,0.0
593773382,Chris T Sullivan Foundation Inc.,Tampa,FL,United States,PF,59-3773382,https://www.guidestar.org/profile/59-3773382,0.0,0.0,0.0
133789060,Lee and Cynthia Vance Foundation,Albany,NY,United States,PF,13-3789060,https://www.guidestar.org/profile/13-3789060,0.0,0.0,0.0
463429434,Lu-Wong Foundation,Port Orchard,WA,United States,PF,46-3429434,https://www.guidestar.org/profile/46-3429434,0.0,0.0,0.0
426582097,Nellie Jensen Charitable Tr,Milwaukee,WI,United States,PF,42-6582097,https://www.guidestar.org/profile/42-6582097,0.0,0.0,0.0
522324227,Westbridge Inc.,Manchester,NH,United States,POF,52-2324227,https://www.guidestar.org/profile/52-2324227,0.0,0.0,0.0
830654067,Grow Foundation Inc.,Montclair,NJ,United States,POF,83-0654067,https://www.guidestar.org/profile/83-0654067,0.0,0.0,0.0
814763329,Indo American Foundation A Nj Nonprofit Corporation,Kearny,NJ,United States,POF,81-4763329,https://www.guidestar.org/profile/81-4763329,0.0,0.0,0.0
471354664,Family House Mission Bay Inc.,San Francisco,CA,United States,SO,47-1354664,https://www.guidestar.org/profile/47-1354664,0.0,0.0,0.0
832591755,Bear Valley Unified School District Education Foundation,Big Bear Lake,CA,United States,SO,83-2591755,https://www.guidestar.org/profile/83-2591755,0.0,0.0,0.0
631072547,Clay Foundation Inc.,Mobile,AL,United States,SOUNK,63-1072547,https://www.guidestar.org/profile/63-1072547,0.0,0.0,0.0
611111678,Kentucky Optometric Foundation Inc.,Frankfort,KY,United States,SOUNK,61-1111678,https://www.guidestar.org/profile/61-1111678,0.0,0.0,0.0
206533639,Thompson Valley Rotary Club Foundation,Loveland,CO,United States,SOUNK,20-6533639,https://www.guidestar.org/profile/20-6533639,0.0,0.0,0.0
391255714,Educational & Institutional Insurance Administrators Inc.,Chicago,IL,United States,SOUNK,39-1255714,https://www.guidestar.org/profile/39-1255714,0.0,0.0,0.0
391603341,Door County Library Foundation,Sturgeon Bay,WI,United States,SOUNK,39-1603341,https://www.guidestar.org/profile/39-1603341,0.0,0.0,0.0
341265105,Columbus Colony Inc.,Westerville,OH,United States,SOUNK,34-1265105,https://www.guidestar.org/profile/34-1265105,0.0,0.0,0.0
237414672,Indian Hills Community College Foundation,Ottumwa,IA,United States,SOUNK,23-7414672,https://www.guidestar.org/profile/23-7414672,0.0,0.0,0.0
